Transaction_ID,Date,Item_ID,Item_Name,Transaction_Type,Quantity,Initial_Quantity,New_Quantity
1,2024-01-09,3,Bread,Purchase,10,75,85
2,2023-12-25,2,Milk,Sale,1,50,49
3,2024-01-11,6,Potatos,Purchase,9,80,89
4,2024-01-02,8,Cadbury,Purchase,20,120,140
5,2023-12-26,8,Cadbury,Sale,20,120,100
6,2024-01-03,8,Cadbury,Sale,10,120,110
7,2023-12-16,7,Redbull,Sale,11,200,189
8,2023-12-22,6,Potatos,Sale,1,80,79
9,2023-12-30,4,Eggs,Sale,11,60,49
10,2023-12-25,8,Cadbury,Purchase,9,120,129
11,2023-12-16,2,Milk,Sale,12,50,38
12,2023-12-27,7,Redbull,Purchase,5,200,205
13,2023-12-30,1,Rice,Purchase,1,100,101
14,2023-12-26,3,Bread,Purchase,20,75,95
15,2023-12-22,6,Potatos,Sale,1,80,79
16,2024-01-03,8,Cadbury,Purchase,5,120,125
17,2024-01-02,1,Rice,Purchase,14,100,114
18,2023-12-23,6,Potatos,Sale,6,80,74
19,2023-12-19,2,Milk,Purchase,17,50,67
20,2023-12-19,2,Milk,Sale,7,50,43
21,2023-12-28,3,Bread,Purchase,10,75,85
22,2023-12-15,8,Cadbury,Purchase,3,120,123
23,2023-12-30,8,Cadbury,Purchase,14,120,134
24,2023-12-22,2,Milk,Sale,13,50,37
25,2023-12-21,8,Cadbury,Purchase,3,120,123
26,2024-01-02,1,Rice,Sale,5,100,95
27,2024-01-04,5,Bananas,Sale,3,40,37
28,2023-12-31,8,Cadbury,Purchase,20,120,140
29,2023-12-24,6,Potatos,Purchase,16,80,96
30,2023-12-17,8,Cadbury,Purchase,2,120,122
31,2024-01-02,2,Milk,Purchase,9,50,59
32,2024-01-05,2,Milk,Purchase,13,50,63
33,2024-01-02,7,Redbull,Sale,11,200,189
34,2024-01-07,1,Rice,Sale,1,100,99
35,2023-12-25,1,Rice,Sale,17,100,83
36,2023-12-18,3,Bread,Sale,15,75,60
37,2023-12-19,7,Redbull,Sale,15,200,185
38,2024-01-05,5,Bananas,Sale,5,40,35
39,2023-12-31,2,Milk,Sale,9,50,41
40,2024-01-12,8,Cadbury,Purchase,12,120,132
41,2023-12-23,5,Bananas,Sale,3,40,37
42,2023-12-17,2,Milk,Sale,20,50,30
43,2024-01-01,4,Eggs,Sale,7,60,53
44,2024-01-08,4,Eggs,Sale,3,60,57
45,2024-01-05,7,Redbull,Purchase,13,200,213
46,2024-01-11,3,Bread,Purchase,15,75,90
47,2023-12-23,3,Bread,Sale,14,75,61
48,2024-01-11,1,Rice,Purchase,7,100,107
49,2023-12-23,6,Potatos,Sale,1,80,79
50,2024-01-09,3,Bread,Purchase,4,75,79
51,2023-12-22,5,Bananas,Purchase,9,40,49
52,2023-12-29,8,Cadbury,Purchase,7,120,127
53,2024-01-08,2,Milk,Purchase,13,50,63
54,2023-12-26,3,Bread,Sale,17,75,58
55,2024-01-07,2,Milk,Purchase,19,50,69
56,2023-12-30,2,Milk,Purchase,11,50,61
57,2024-01-07,4,Eggs,Purchase,13,60,73
58,2023-12-22,7,Redbull,Sale,20,200,180
59,2024-01-05,8,Cadbury,Sale,9,120,111
60,2023-12-16,7,Redbull,Purchase,7,200,207
61,2023-12-20,7,Redbull,Sale,9,200,191
62,2024-01-04,3,Bread,Sale,15,75,60
63,2024-01-07,7,Redbull,Sale,16,200,184
64,2024-01-02,5,Bananas,Sale,11,40,29
65,2023-12-31,3,Bread,Sale,12,75,63
66,2023-12-28,8,Cadbury,Sale,18,120,102
67,2024-01-11,2,Milk,Sale,10,50,40
68,2023-12-23,3,Bread,Sale,16,75,59
69,2023-12-24,8,Cadbury,Purchase,19,120,139
70,2023-12-23,6,Potatos,Purchase,10,80,90
71,2024-01-08,7,Redbull,Sale,20,200,180
72,2023-12-14,4,Eggs,Purchase,11,60,71
73,2023-12-29,3,Bread,Sale,1,75,74
74,2024-01-10,7,Redbull,Purchase,3,200,203
75,2023-12-25,4,Eggs,Sale,8,60,52
76,2023-12-16,8,Cadbury,Sale,17,120,103
77,2023-12-27,4,Eggs,Purchase,3,60,63
78,2023-12-25,8,Cadbury,Purchase,9,120,129
79,2023-12-17,6,Potatos,Purchase,19,80,99
80,2023-12-29,1,Rice,Purchase,13,100,113
81,2023-12-16,7,Redbull,Sale,6,200,194
82,2024-01-07,8,Cadbury,Sale,17,120,103
83,2023-12-18,3,Bread,Purchase,13,75,88
84,2024-01-03,3,Bread,Sale,2,75,73
85,2023-12-19,4,Eggs,Purchase,13,60,73
86,2023-12-31,6,Potatos,Purchase,15,80,95
87,2023-12-20,4,Eggs,Purchase,8,60,68
88,2024-01-11,4,Eggs,Sale,17,60,43
89,2024-01-08,6,Potatos,Purchase,17,80,97
90,2024-01-10,7,Redbull,Sale,4,200,196
91,2023-12-23,8,Cadbury,Sale,7,120,113
92,2023-12-24,6,Potatos,Purchase,15,80,95
93,2024-01-12,5,Bananas,Purchase,19,40,59
94,2024-01-01,7,Redbull,Purchase,4,200,204
95,2024-01-11,7,Redbull,Purchase,2,200,202
96,2024-01-03,8,Cadbury,Purchase,2,120,122
97,2023-12-30,1,Rice,Purchase,4,100,104
98,2024-01-05,3,Bread,Purchase,19,75,94
99,2023-12-16,3,Bread,Purchase,16,75,91
100,2024-01-03,2,Milk,Sale,13,50,37
101,2023-12-18,4,Eggs,Sale,12,60,48
102,2023-12-16,2,Milk,Purchase,12,50,62
103,2023-12-31,2,Milk,Sale,10,50,40
104,2023-12-19,3,Bread,Purchase,19,75,94
105,2024-01-02,1,Rice,Purchase,8,100,108
106,2023-12-28,8,Cadbury,Purchase,10,120,130
107,2023-12-20,2,Milk,Sale,1,50,49
108,2024-01-04,6,Potatos,Purchase,19,80,99
109,2024-01-05,2,Milk,Sale,10,50,40
110,2023-12-30,1,Rice,Sale,18,100,82
111,2024-01-04,8,Cadbury,Sale,14,120,106
112,2023-12-31,6,Potatos,Purchase,15,80,95
113,2023-12-31,6,Potatos,Purchase,6,80,86
114,2024-01-11,2,Milk,Purchase,14,50,64
115,2023-12-28,1,Rice,Sale,19,100,81
116,2024-01-12,4,Eggs,Sale,1,60,59
117,2023-12-28,5,Bananas,Purchase,7,40,47
118,2024-01-04,6,Potatos,Sale,6,80,74
119,2024-01-07,4,Eggs,Sale,5,60,55
120,2024-01-07,8,Cadbury,Purchase,6,120,126
121,2023-12-17,6,Potatos,Purchase,8,80,88
122,2023-12-26,5,Bananas,Sale,10,40,30
123,2024-01-08,2,Milk,Sale,1,50,49
124,2023-12-30,4,Eggs,Purchase,19,60,79
125,2023-12-15,3,Bread,Purchase,4,75,79
126,2023-12-22,5,Bananas,Purchase,6,40,46
127,2023-12-16,7,Redbull,Purchase,14,200,214
128,2024-01-06,7,Redbull,Purchase,20,200,220
129,2024-01-08,7,Redbull,Sale,2,200,198
130,2024-01-01,7,Redbull,Purchase,16,200,216
131,2024-01-11,1,Rice,Purchase,19,100,119
132,2024-01-04,4,Eggs,Purchase,11,60,71
133,2023-12-30,3,Bread,Sale,17,75,58
134,2024-01-11,8,Cadbury,Purchase,15,120,135
135,2024-01-01,1,Rice,Purchase,1,100,101
136,2024-01-05,2,Milk,Sale,12,50,38
137,2023-12-18,5,Bananas,Purchase,14,40,54
138,2023-12-31,4,Eggs,Purchase,7,60,67
139,2023-12-18,5,Bananas,Sale,3,40,37
140,2023-12-30,6,Potatos,Purchase,11,80,91
141,2023-12-27,1,Rice,Sale,3,100,97
142,2024-01-04,1,Rice,Sale,14,100,86
143,2023-12-23,3,Bread,Purchase,2,75,77
144,2023-12-16,6,Potatos,Sale,3,80,77
145,2023-12-15,4,Eggs,Purchase,4,60,64
146,2023-12-24,2,Milk,Sale,9,50,41
147,2023-12-16,1,Rice,Sale,12,100,88
148,2023-12-14,2,Milk,Purchase,6,50,56
149,2023-12-23,8,Cadbury,Sale,19,120,101
150,2024-01-05,5,Bananas,Sale,11,40,29
151,2024-01-07,4,Eggs,Purchase,11,60,71
152,2023-12-29,3,Bread,Purchase,15,75,90
153,2024-01-05,2,Milk,Sale,10,50,40
154,2024-01-02,3,Bread,Sale,4,75,71
155,2023-12-19,1,Rice,Sale,10,100,90
156,2023-12-19,2,Milk,Sale,13,50,37
157,2024-01-09,7,Redbull,Sale,19,200,181
158,2023-12-30,2,Milk,Purchase,10,50,60
159,2023-12-25,8,Cadbury,Purchase,7,120,127
160,2023-12-23,4,Eggs,Purchase,9,60,69
161,2023-12-16,8,Cadbury,Sale,10,120,110
162,2023-12-14,3,Bread,Sale,4,75,71
163,2023-12-26,4,Eggs,Purchase,4,60,64
164,2023-12-14,5,Bananas,Sale,1,40,39
165,2023-12-14,2,Milk,Purchase,15,50,65
166,2023-12-24,6,Potatos,Purchase,2,80,82
167,2024-01-08,7,Redbull,Sale,18,200,182
168,2023-12-14,3,Bread,Purchase,9,75,84
169,2023-12-26,4,Eggs,Purchase,4,60,64
170,2023-12-31,3,Bread,Purchase,5,75,80
171,2023-12-29,6,Potatos,Sale,14,80,66
172,2023-12-17,3,Bread,Purchase,2,75,77
173,2023-12-26,6,Potatos,Purchase,4,80,84
174,2024-01-10,8,Cadbury,Purchase,2,120,122
175,2024-01-12,8,Cadbury,Purchase,18,120,138
176,2023-12-30,1,Rice,Sale,18,100,82
177,2024-01-08,1,Rice,Purchase,7,100,107
178,2024-01-12,2,Milk,Purchase,1,50,51
179,2023-12-31,7,Redbull,Sale,1,200,199
180,2024-01-10,3,Bread,Purchase,14,75,89
181,2024-01-12,2,Milk,Sale,6,50,44
182,2023-12-23,4,Eggs,Purchase,6,60,66
183,2023-12-22,3,Bread,Sale,3,75,72
184,2024-01-11,4,Eggs,Purchase,20,60,80
185,2024-01-09,2,Milk,Purchase,4,50,54
186,2024-01-10,8,Cadbury,Purchase,10,120,130
187,2023-12-28,8,Cadbury,Sale,10,120,110
188,2023-12-28,7,Redbull,Purchase,20,200,220
189,2023-12-14,2,Milk,Sale,3,50,47
190,2024-01-04,6,Potatos,Purchase,20,80,100
191,2024-01-02,8,Cadbury,Purchase,10,120,130
192,2023-12-23,3,Bread,Purchase,14,75,89
193,2024-01-09,1,Rice,Sale,10,100,90
194,2023-12-18,6,Potatos,Sale,14,80,66
195,2023-12-20,1,Rice,Purchase,4,100,104
196,2024-01-08,1,Rice,Sale,12,100,88
197,2023-12-30,1,Rice,Sale,17,100,83
198,2024-01-07,3,Bread,Sale,9,75,66
199,2023-12-26,5,Bananas,Sale,17,40,23
200,2023-12-27,3,Bread,Sale,4,75,71
201,2024-01-04,2,Milk,Purchase,13,50,63
202,2023-12-14,3,Bread,Purchase,4,75,79
203,2023-12-23,5,Bananas,Purchase,8,40,48
204,2024-01-11,1,Rice,Purchase,8,100,108
205,2023-12-21,2,Milk,Purchase,17,50,67
206,2024-01-01,5,Bananas,Sale,6,40,34
207,2023-12-20,7,Redbull,Sale,10,200,190
208,2023-12-29,6,Potatos,Purchase,15,80,95
209,2024-01-02,4,Eggs,Purchase,7,60,67
210,2023-12-25,4,Eggs,Purchase,7,60,67
211,2024-01-04,8,Cadbury,Purchase,18,120,138
212,2023-12-30,2,Milk,Sale,6,50,44
213,2023-12-31,6,Potatos,Purchase,11,80,91
214,2023-12-22,8,Cadbury,Sale,20,120,100
215,2024-01-06,5,Bananas,Purchase,17,40,57
216,2023-12-31,6,Potatos,Purchase,20,80,100
217,2023-12-15,3,Bread,Purchase,12,75,87
218,2023-12-23,4,Eggs,Purchase,3,60,63
219,2024-01-08,5,Bananas,Purchase,16,40,56
220,2024-01-06,6,Potatos,Purchase,9,80,89
221,2023-12-30,1,Rice,Sale,2,100,98
222,2023-12-18,7,Redbull,Purchase,20,200,220
223,2024-01-09,1,Rice,Sale,7,100,93
224,2024-01-12,6,Potatos,Sale,19,80,61
225,2024-01-06,8,Cadbury,Sale,11,120,109
226,2023-12-30,7,Redbull,Purchase,15,200,215
227,2023-12-27,4,Eggs,Purchase,19,60,79
228,2024-01-10,8,Cadbury,Sale,5,120,115
229,2024-01-09,5,Bananas,Purchase,18,40,58
230,2023-12-20,4,Eggs,Sale,13,60,47
231,2023-12-17,7,Redbull,Sale,10,200,190
232,2023-12-26,1,Rice,Sale,7,100,93
233,2023-12-25,2,Milk,Purchase,4,50,54
234,2023-12-26,6,Potatos,Purchase,17,80,97
235,2023-12-27,1,Rice,Purchase,10,100,110
236,2023-12-14,4,Eggs,Purchase,12,60,72
237,2023-12-25,5,Bananas,Sale,2,40,38
238,2023-12-30,7,Redbull,Purchase,12,200,212
239,2023-12-20,2,Milk,Purchase,12,50,62
240,2023-12-23,2,Milk,Purchase,12,50,62
241,2024-01-01,7,Redbull,Sale,14,200,186
242,2023-12-22,3,Bread,Sale,4,75,71
243,2024-01-01,8,Cadbury,Sale,10,120,110
244,2023-12-26,6,Potatos,Sale,19,80,61
245,2024-01-09,1,Rice,Sale,16,100,84
246,2024-01-11,3,Bread,Purchase,14,75,89
247,2024-01-10,4,Eggs,Purchase,12,60,72
248,2024-01-05,4,Eggs,Purchase,7,60,67
249,2024-01-05,8,Cadbury,Purchase,19,120,139
250,2023-12-29,2,Milk,Sale,4,50,46
251,2024-01-10,5,Bananas,Sale,18,40,22
252,2023-12-28,2,Milk,Sale,11,50,39
253,2024-01-04,2,Milk,Purchase,13,50,63
254,2023-12-22,2,Milk,Sale,17,50,33
255,2023-12-21,2,Milk,Sale,9,50,41
256,2023-12-20,3,Bread,Purchase,20,75,95
257,2023-12-14,5,Bananas,Sale,3,40,37
258,2023-12-25,1,Rice,Purchase,9,100,109
259,2024-01-06,2,Milk,Purchase,17,50,67
260,2024-01-07,1,Rice,Sale,6,100,94
261,2023-12-22,5,Bananas,Sale,13,40,27
262,2023-12-18,5,Bananas,Sale,8,40,32
263,2023-12-21,5,Bananas,Purchase,20,40,60
264,2023-12-20,7,Redbull,Sale,3,200,197
265,2024-01-03,4,Eggs,Purchase,10,60,70
266,2024-01-07,3,Bread,Purchase,7,75,82
267,2023-12-18,7,Redbull,Purchase,6,200,206
268,2023-12-14,4,Eggs,Sale,11,60,49
269,2024-01-03,4,Eggs,Sale,9,60,51
270,2024-01-05,2,Milk,Purchase,11,50,61
271,2024-01-11,8,Cadbury,Sale,6,120,114
272,2024-01-04,5,Bananas,Sale,17,40,23
273,2024-01-11,6,Potatos,Sale,3,80,77
274,2024-01-12,1,Rice,Purchase,3,100,103
275,2023-12-26,7,Redbull,Sale,1,200,199
276,2023-12-23,6,Potatos,Sale,20,80,60
277,2023-12-23,3,Bread,Purchase,6,75,81
278,2024-01-10,1,Rice,Sale,18,100,82
279,2023-12-29,7,Redbull,Sale,13,200,187
280,2024-01-03,2,Milk,Purchase,12,50,62
281,2023-12-15,1,Rice,Purchase,19,100,119
282,2023-12-18,3,Bread,Purchase,13,75,88
283,2024-01-08,4,Eggs,Purchase,15,60,75
284,2023-12-26,3,Bread,Sale,2,75,73
285,2024-01-08,5,Bananas,Sale,18,40,22
286,2024-01-03,4,Eggs,Purchase,12,60,72
287,2024-01-09,6,Potatos,Sale,11,80,69
288,2023-12-26,3,Bread,Sale,13,75,62
289,2023-12-15,3,Bread,Sale,3,75,72
290,2023-12-24,3,Bread,Sale,16,75,59
291,2023-12-27,5,Bananas,Sale,17,40,23
292,2023-12-21,4,Eggs,Purchase,18,60,78
293,2023-12-28,4,Eggs,Sale,3,60,57
294,2024-01-06,4,Eggs,Purchase,19,60,79
295,2023-12-29,7,Redbull,Purchase,1,200,201
296,2024-01-01,3,Bread,Sale,6,75,69
297,2024-01-09,4,Eggs,Purchase,14,60,74
298,2023-12-14,8,Cadbury,Purchase,10,120,130
299,2024-01-07,4,Eggs,Sale,4,60,56
300,2024-01-11,7,Redbull,Purchase,15,200,215
301,2024-01-11,6,Potatos,Sale,19,80,61
302,2023-12-25,7,Redbull,Sale,14,200,186
303,2023-12-19,4,Eggs,Sale,2,60,58
304,2023-12-23,6,Potatos,Sale,11,80,69
305,2024-01-06,7,Redbull,Sale,3,200,197
306,2023-12-17,5,Bananas,Purchase,17,40,57
307,2023-12-28,3,Bread,Sale,11,75,64
308,2024-01-02,6,Potatos,Sale,10,80,70
309,2023-12-29,8,Cadbury,Purchase,20,120,140
310,2023-12-27,5,Bananas,Sale,9,40,31
311,2023-12-24,3,Bread,Sale,16,75,59
312,2023-12-28,3,Bread,Sale,13,75,62
313,2024-01-04,7,Redbull,Purchase,18,200,218
314,2023-12-25,5,Bananas,Purchase,11,40,51
315,2023-12-30,3,Bread,Purchase,11,75,86
316,2023-12-25,2,Milk,Purchase,13,50,63
317,2024-01-08,2,Milk,Sale,16,50,34
318,2023-12-14,7,Redbull,Sale,13,200,187
319,2024-01-06,5,Bananas,Sale,10,40,30
320,2023-12-27,6,Potatos,Purchase,13,80,93
321,2023-12-15,1,Rice,Sale,7,100,93
322,2023-12-15,2,Milk,Purchase,13,50,63
323,2024-01-05,6,Potatos,Purchase,4,80,84
324,2024-01-05,2,Milk,Purchase,14,50,64
325,2024-01-06,8,Cadbury,Sale,17,120,103
326,2023-12-22,6,Potatos,Purchase,20,80,100
327,2024-01-09,6,Potatos,Purchase,19,80,99
328,2024-01-07,2,Milk,Sale,19,50,31
329,2023-12-14,8,Cadbury,Purchase,19,120,139
330,2023-12-24,5,Bananas,Sale,1,40,39
331,2023-12-19,6,Potatos,Sale,2,80,78
332,2024-01-06,2,Milk,Sale,19,50,31
333,2023-12-19,7,Redbull,Purchase,15,200,215
334,2023-12-28,7,Redbull,Purchase,2,200,202
335,2023-12-21,2,Milk,Purchase,7,50,57
336,2023-12-21,3,Bread,Purchase,16,75,91
337,2023-12-30,7,Redbull,Purchase,8,200,208
338,2023-12-14,7,Redbull,Sale,2,200,198
339,2023-12-20,2,Milk,Purchase,8,50,58
340,2023-12-19,6,Potatos,Sale,19,80,61
341,2024-01-08,2,Milk,Purchase,7,50,57
342,2023-12-14,8,Cadbury,Purchase,19,120,139
343,2023-12-26,5,Bananas,Purchase,4,40,44
344,2023-12-28,8,Cadbury,Sale,12,120,108
345,2024-01-02,3,Bread,Sale,19,75,56
346,2023-12-23,8,Cadbury,Purchase,14,120,134
347,2023-12-18,4,Eggs,Purchase,4,60,64
348,2023-12-16,7,Redbull,Sale,9,200,191
349,2023-12-24,2,Milk,Purchase,19,50,69
350,2024-01-06,1,Rice,Sale,11,100,89
351,2024-01-09,2,Milk,Purchase,9,50,59
352,2024-01-10,4,Eggs,Purchase,7,60,67
353,2023-12-16,2,Milk,Sale,12,50,38
354,2023-12-29,2,Milk,Purchase,14,50,64
355,2024-01-07,7,Redbull,Sale,3,200,197
356,2023-12-24,2,Milk,Sale,17,50,33
357,2023-12-24,1,Rice,Purchase,19,100,119
358,2023-12-27,6,Potatos,Sale,1,80,79
359,2023-12-18,1,Rice,Purchase,20,100,120
360,2023-12-22,6,Potatos,Purchase,13,80,93
361,2024-01-08,3,Bread,Sale,9,75,66
362,2023-12-26,8,Cadbury,Sale,7,120,113
363,2023-12-25,4,Eggs,Sale,9,60,51
364,2023-12-29,8,Cadbury,Purchase,13,120,133
365,2023-12-31,6,Potatos,Purchase,14,80,94
366,2023-12-30,7,Redbull,Sale,1,200,199
367,2023-12-23,8,Cadbury,Sale,13,120,107
368,2023-12-15,1,Rice,Sale,5,100,95
369,2023-12-28,1,Rice,Purchase,17,100,117
370,2024-01-04,7,Redbull,Purchase,11,200,211
371,2024-01-01,2,Milk,Purchase,16,50,66
372,2023-12-17,4,Eggs,Sale,16,60,44
373,2024-01-04,1,Rice,Purchase,19,100,119
374,2023-12-26,2,Milk,Sale,5,50,45
375,2024-01-02,7,Redbull,Purchase,20,200,220
376,2024-01-04,2,Milk,Sale,8,50,42
377,2024-01-08,7,Redbull,Sale,6,200,194
378,2024-01-07,6,Potatos,Sale,7,80,73
379,2023-12-27,3,Bread,Purchase,3,75,78
380,2023-12-15,4,Eggs,Sale,4,60,56
381,2023-12-18,2,Milk,Purchase,6,50,56
382,2023-12-30,3,Bread,Purchase,14,75,89
383,2023-12-20,3,Bread,Purchase,4,75,79
384,2024-01-04,4,Eggs,Sale,18,60,42
385,2023-12-22,1,Rice,Purchase,1,100,101
386,2024-01-11,7,Redbull,Purchase,10,200,210
387,2023-12-22,3,Bread,Sale,8,75,67
388,2023-12-22,5,Bananas,Sale,16,40,24
389,2023-12-29,1,Rice,Sale,6,100,94
390,2023-12-29,1,Rice,Purchase,4,100,104
391,2023-12-16,5,Bananas,Purchase,4,40,44
392,2023-12-16,1,Rice,Purchase,18,100,118
393,2023-12-23,8,Cadbury,Purchase,3,120,123
394,2024-01-01,5,Bananas,Purchase,8,40,48
395,2023-12-25,2,Milk,Sale,2,50,48
396,2024-01-03,8,Cadbury,Purchase,1,120,121
397,2024-01-05,1,Rice,Sale,4,100,96
398,2024-01-03,7,Redbull,Sale,16,200,184
399,2024-01-04,2,Milk,Sale,16,50,34
400,2023-12-22,3,Bread,Purchase,2,75,77
401,2023-12-25,4,Eggs,Purchase,15,60,75
402,2023-12-23,4,Eggs,Purchase,13,60,73
403,2023-12-19,5,Bananas,Purchase,4,40,44
404,2024-01-09,7,Redbull,Purchase,1,200,201
405,2023-12-14,4,Eggs,Purchase,8,60,68
406,2024-01-04,4,Eggs,Sale,3,60,57
407,2023-12-24,8,Cadbury,Purchase,12,120,132
408,2023-12-26,8,Cadbury,Purchase,3,120,123
409,2023-12-22,8,Cadbury,Purchase,11,120,131
410,2023-12-21,1,Rice,Sale,4,100,96
411,2023-12-21,7,Redbull,Sale,14,200,186
412,2023-12-31,8,Cadbury,Purchase,3,120,123
413,2023-12-19,2,Milk,Sale,14,50,36
414,2024-01-09,1,Rice,Purchase,11,100,111
415,2023-12-25,3,Bread,Sale,6,75,69
416,2023-12-16,4,Eggs,Sale,4,60,56
417,2024-01-10,5,Bananas,Sale,3,40,37
418,2023-12-20,1,Rice,Purchase,12,100,112
419,2023-12-24,2,Milk,Sale,1,50,49
420,2023-12-30,3,Bread,Sale,2,75,73
421,2024-01-02,5,Bananas,Purchase,12,40,52
422,2023-12-20,7,Redbull,Purchase,16,200,216
423,2023-12-15,8,Cadbury,Purchase,17,120,137
424,2023-12-21,6,Potatos,Sale,5,80,75
425,2023-12-28,6,Potatos,Purchase,9,80,89
426,2023-12-22,8,Cadbury,Purchase,7,120,127
427,2023-12-30,5,Bananas,Sale,19,40,21
428,2023-12-19,6,Potatos,Sale,3,80,77
429,2023-12-27,1,Rice,Purchase,16,100,116
430,2024-01-08,2,Milk,Purchase,18,50,68
431,2024-01-01,3,Bread,Sale,3,75,72
432,2023-12-29,1,Rice,Purchase,3,100,103
433,2024-01-08,7,Redbull,Sale,4,200,196
434,2023-12-26,1,Rice,Sale,17,100,83
435,2023-12-17,8,Cadbury,Sale,11,120,109
436,2024-01-12,1,Rice,Sale,14,100,86
437,2024-01-10,3,Bread,Sale,20,75,55
438,2023-12-17,6,Potatos,Purchase,15,80,95
439,2023-12-21,3,Bread,Purchase,7,75,82
440,2023-12-29,1,Rice,Purchase,14,100,114
441,2024-01-11,1,Rice,Purchase,1,100,101
442,2024-01-11,8,Cadbury,Sale,4,120,116
443,2023-12-30,7,Redbull,Sale,13,200,187
444,2023-12-14,3,Bread,Purchase,17,75,92
445,2023-12-31,4,Eggs,Sale,2,60,58
446,2023-12-27,6,Potatos,Purchase,5,80,85
447,2024-01-03,8,Cadbury,Sale,14,120,106
448,2024-01-09,8,Cadbury,Sale,10,120,110
449,2023-12-22,8,Cadbury,Sale,14,120,106
450,2024-01-07,1,Rice,Sale,11,100,89
451,2023-12-23,5,Bananas,Purchase,19,40,59
452,2024-01-04,8,Cadbury,Sale,2,120,118
453,2023-12-20,8,Cadbury,Purchase,13,120,133
454,2024-01-05,5,Bananas,Sale,8,40,32
455,2023-12-30,2,Milk,Sale,5,50,45
456,2023-12-27,7,Redbull,Sale,1,200,199
457,2023-12-18,4,Eggs,Purchase,4,60,64
458,2024-01-05,6,Potatos,Sale,10,80,70
459,2023-12-24,4,Eggs,Purchase,8,60,68
460,2024-01-06,5,Bananas,Purchase,18,40,58
461,2024-01-07,5,Bananas,Sale,5,40,35
462,2024-01-02,5,Bananas,Purchase,16,40,56
463,2024-01-06,6,Potatos,Sale,7,80,73
464,2023-12-21,8,Cadbury,Purchase,17,120,137
465,2024-01-01,6,Potatos,Sale,1,80,79
466,2023-12-24,4,Eggs,Sale,20,60,40
467,2023-12-19,7,Redbull,Sale,10,200,190
468,2023-12-27,8,Cadbury,Purchase,9,120,129
469,2023-12-15,8,Cadbury,Purchase,10,120,130
470,2024-01-02,8,Cadbury,Sale,1,120,119
471,2024-01-09,2,Milk,Sale,19,50,31
472,2024-01-07,8,Cadbury,Sale,10,120,110
473,2023-12-29,5,Bananas,Purchase,13,40,53
474,2023-12-28,1,Rice,Purchase,11,100,111
475,2023-12-17,3,Bread,Purchase,18,75,93
476,2023-12-15,7,Redbull,Sale,8,200,192
477,2023-12-30,3,Bread,Sale,11,75,64
478,2023-12-19,5,Bananas,Sale,6,40,34
479,2023-12-18,4,Eggs,Sale,6,60,54
480,2024-01-06,2,Milk,Sale,8,50,42
481,2023-12-15,6,Potatos,Purchase,3,80,83
482,2023-12-22,1,Rice,Purchase,5,100,105
483,2024-01-02,5,Bananas,Purchase,12,40,52
484,2023-12-29,7,Redbull,Purchase,20,200,220
485,2023-12-15,5,Bananas,Sale,18,40,22
486,2023-12-23,1,Rice,Sale,9,100,91
487,2023-12-19,1,Rice,Purchase,13,100,113
488,2023-12-24,2,Milk,Purchase,13,50,63
489,2024-01-04,2,Milk,Purchase,16,50,66
490,2023-12-23,2,Milk,Purchase,2,50,52
491,2024-01-03,3,Bread,Purchase,4,75,79
492,2024-01-04,1,Rice,Sale,1,100,99
493,2024-01-02,3,Bread,Sale,20,75,55
494,2024-01-11,8,Cadbury,Purchase,6,120,126
495,2023-12-30,5,Bananas,Purchase,17,40,57
496,2024-01-02,6,Potatos,Purchase,16,80,96
497,2023-12-18,4,Eggs,Purchase,9,60,69
498,2024-01-06,5,Bananas,Purchase,2,40,42
499,2024-01-06,3,Bread,Sale,3,75,72
500,2024-01-06,3,Bread,Sale,4,75,71
501,2024-01-02,5,Bananas,Purchase,14,40,54
502,2023-12-27,7,Redbull,Sale,9,200,191
503,2023-12-17,2,Milk,Purchase,3,50,53
504,2024-01-10,3,Bread,Sale,6,75,69
505,2023-12-19,4,Eggs,Purchase,18,60,78
506,2024-01-08,4,Eggs,Purchase,12,60,72
507,2023-12-29,1,Rice,Purchase,2,100,102
508,2023-12-14,1,Rice,Purchase,14,100,114
509,2024-01-07,5,Bananas,Sale,18,40,22
510,2023-12-23,2,Milk,Purchase,14,50,64
511,2024-01-07,3,Bread,Purchase,12,75,87
512,2023-12-14,5,Bananas,Purchase,11,40,51
513,2024-01-11,7,Redbull,Purchase,14,200,214
514,2024-01-07,7,Redbull,Sale,18,200,182
515,2024-01-02,4,Eggs,Sale,5,60,55
516,2023-12-29,6,Potatos,Sale,10,80,70
517,2024-01-10,8,Cadbury,Purchase,5,120,125
518,2024-01-02,1,Rice,Sale,13,100,87
519,2023-12-20,5,Bananas,Sale,8,40,32
520,2024-01-07,3,Bread,Sale,18,75,57
521,2023-12-17,2,Milk,Purchase,11,50,61
522,2024-01-01,5,Bananas,Purchase,3,40,43
523,2023-12-21,7,Redbull,Sale,9,200,191
524,2023-12-14,5,Bananas,Sale,6,40,34
525,2023-12-22,1,Rice,Sale,15,100,85
526,2023-12-24,4,Eggs,Purchase,10,60,70
527,2024-01-04,5,Bananas,Sale,2,40,38
528,2023-12-26,3,Bread,Sale,15,75,60
529,2024-01-12,3,Bread,Purchase,13,75,88
530,2023-12-16,8,Cadbury,Sale,4,120,116
531,2024-01-09,2,Milk,Sale,7,50,43
532,2023-12-23,6,Potatos,Sale,12,80,68
533,2024-01-01,6,Potatos,Sale,3,80,77
534,2023-12-14,7,Redbull,Sale,13,200,187
535,2023-12-20,3,Bread,Purchase,12,75,87
536,2023-12-20,3,Bread,Sale,18,75,57
537,2023-12-24,7,Redbull,Purchase,12,200,212
538,2024-01-06,4,Eggs,Purchase,3,60,63
539,2023-12-22,8,Cadbury,Sale,9,120,111
540,2023-12-24,4,Eggs,Sale,9,60,51
541,2023-12-31,2,Milk,Purchase,11,50,61
542,2023-12-16,2,Milk,Purchase,14,50,64
543,2023-12-24,8,Cadbury,Sale,3,120,117
544,2023-12-18,5,Bananas,Purchase,12,40,52
545,2023-12-28,5,Bananas,Sale,16,40,24
546,2023-12-23,1,Rice,Sale,14,100,86
547,2023-12-25,4,Eggs,Purchase,2,60,62
548,2024-01-01,4,Eggs,Sale,18,60,42
549,2024-01-05,1,Rice,Purchase,20,100,120
550,2024-01-09,2,Milk,Sale,17,50,33
551,2023-12-14,4,Eggs,Purchase,19,60,79
552,2023-12-23,1,Rice,Sale,12,100,88
553,2023-12-30,1,Rice,Sale,3,100,97
554,2024-01-01,6,Potatos,Purchase,3,80,83
555,2024-01-07,5,Bananas,Sale,10,40,30
556,2023-12-16,7,Redbull,Purchase,2,200,202
557,2023-12-29,2,Milk,Sale,2,50,48
558,2024-01-08,5,Bananas,Purchase,12,40,52
559,2023-12-16,5,Bananas,Purchase,2,40,42
560,2023-12-14,6,Potatos,Sale,16,80,64
561,2024-01-04,7,Redbull,Purchase,3,200,203
562,2023-12-21,6,Potatos,Sale,14,80,66
563,2024-01-05,5,Bananas,Sale,1,40,39
564,2023-12-27,8,Cadbury,Purchase,3,120,123
565,2023-12-16,5,Bananas,Purchase,16,40,56
566,2024-01-09,2,Milk,Sale,11,50,39
567,2023-12-25,2,Milk,Purchase,13,50,63
568,2023-12-28,7,Redbull,Sale,9,200,191
569,2023-12-18,3,Bread,Sale,7,75,68
570,2023-12-17,5,Bananas,Sale,17,40,23
571,2024-01-06,1,Rice,Sale,2,100,98
572,2024-01-03,4,Eggs,Sale,11,60,49
573,2023-12-17,2,Milk,Purchase,17,50,67
574,2023-12-24,6,Potatos,Sale,14,80,66
575,2023-12-30,5,Bananas,Sale,15,40,25
576,2024-01-07,5,Bananas,Purchase,6,40,46
577,2023-12-30,8,Cadbury,Purchase,3,120,123
578,2023-12-20,8,Cadbury,Purchase,14,120,134
579,2023-12-25,2,Milk,Purchase,1,50,51
580,2023-12-20,4,Eggs,Sale,10,60,50
581,2024-01-10,8,Cadbury,Sale,16,120,104
582,2024-01-11,4,Eggs,Purchase,16,60,76
583,2024-01-04,5,Bananas,Purchase,3,40,43
584,2023-12-29,2,Milk,Sale,2,50,48
585,2023-12-18,5,Bananas,Sale,19,40,21
586,2023-12-25,2,Milk,Purchase,5,50,55
587,2023-12-17,8,Cadbury,Purchase,12,120,132
588,2023-12-16,5,Bananas,Purchase,10,40,50
589,2024-01-09,5,Bananas,Purchase,13,40,53
590,2023-12-14,2,Milk,Sale,17,50,33
591,2024-01-07,1,Rice,Purchase,6,100,106
592,2024-01-02,4,Eggs,Sale,17,60,43
593,2023-12-22,3,Bread,Sale,10,75,65
594,2024-01-03,1,Rice,Sale,3,100,97
595,2023-12-28,4,Eggs,Purchase,12,60,72
596,2024-01-12,8,Cadbury,Sale,16,120,104
597,2023-12-27,4,Eggs,Sale,12,60,48
598,2023-12-19,4,Eggs,Purchase,15,60,75
599,2023-12-19,7,Redbull,Sale,3,200,197
600,2023-12-21,5,Bananas,Purchase,8,40,48
601,2023-12-25,5,Bananas,Purchase,7,40,47
602,2024-01-03,6,Potatos,Purchase,13,80,93
603,2024-01-11,2,Milk,Sale,8,50,42
604,2024-01-12,1,Rice,Sale,10,100,90
605,2023-12-20,1,Rice,Purchase,9,100,109
606,2023-12-23,1,Rice,Sale,12,100,88
607,2023-12-29,5,Bananas,Sale,3,40,37
608,2023-12-19,4,Eggs,Purchase,14,60,74
609,2023-12-17,3,Bread,Sale,9,75,66
610,2023-12-23,4,Eggs,Sale,13,60,47
611,2023-12-22,3,Bread,Sale,4,75,71
612,2023-12-21,8,Cadbury,Purchase,1,120,121
613,2023-12-28,7,Redbull,Sale,1,200,199
614,2024-01-11,3,Bread,Purchase,1,75,76
615,2023-12-28,2,Milk,Purchase,19,50,69
616,2024-01-05,2,Milk,Sale,5,50,45
617,2023-12-26,5,Bananas,Sale,7,40,33
618,2024-01-04,3,Bread,Sale,5,75,70
619,2024-01-06,5,Bananas,Sale,4,40,36
620,2024-01-06,5,Bananas,Sale,6,40,34
621,2024-01-12,3,Bread,Purchase,1,75,76
622,2024-01-09,8,Cadbury,Purchase,3,120,123
623,2024-01-04,2,Milk,Sale,8,50,42
624,2023-12-19,1,Rice,Purchase,6,100,106
625,2023-12-14,2,Milk,Sale,8,50,42
626,2023-12-20,7,Redbull,Purchase,19,200,219
627,2023-12-16,8,Cadbury,Purchase,12,120,132
628,2024-01-02,4,Eggs,Sale,16,60,44
629,2023-12-26,3,Bread,Sale,11,75,64
630,2023-12-25,5,Bananas,Purchase,5,40,45
631,2023-12-27,7,Redbull,Sale,14,200,186
632,2024-01-04,3,Bread,Sale,17,75,58
633,2023-12-27,1,Rice,Sale,4,100,96
634,2023-12-26,2,Milk,Purchase,18,50,68
635,2023-12-19,4,Eggs,Purchase,7,60,67
636,2023-12-16,3,Bread,Sale,5,75,70
637,2023-12-18,4,Eggs,Sale,20,60,40
638,2023-12-16,2,Milk,Sale,8,50,42
639,2024-01-01,2,Milk,Sale,14,50,36
640,2023-12-15,2,Milk,Purchase,20,50,70
641,2024-01-09,7,Redbull,Sale,2,200,198
642,2024-01-10,4,Eggs,Purchase,9,60,69
643,2024-01-01,6,Potatos,Sale,18,80,62
644,2024-01-01,4,Eggs,Purchase,3,60,63
645,2023-12-19,7,Redbull,Sale,2,200,198
646,2023-12-28,1,Rice,Sale,4,100,96
647,2024-01-08,4,Eggs,Sale,11,60,49
648,2023-12-31,3,Bread,Purchase,17,75,92
649,2023-12-14,5,Bananas,Purchase,20,40,60
650,2023-12-26,6,Potatos,Purchase,7,80,87
651,2023-12-30,4,Eggs,Sale,9,60,51
652,2023-12-14,4,Eggs,Purchase,4,60,64
653,2024-01-06,8,Cadbury,Sale,2,120,118
654,2024-01-02,7,Redbull,Sale,15,200,185
655,2023-12-17,7,Redbull,Sale,16,200,184
656,2023-12-26,6,Potatos,Purchase,13,80,93
657,2023-12-23,3,Bread,Purchase,15,75,90
658,2023-12-17,8,Cadbury,Purchase,12,120,132
659,2024-01-03,6,Potatos,Purchase,9,80,89
660,2023-12-23,1,Rice,Sale,2,100,98
661,2024-01-11,4,Eggs,Purchase,14,60,74
662,2023-12-17,7,Redbull,Sale,14,200,186
663,2024-01-11,7,Redbull,Sale,16,200,184
664,2024-01-10,1,Rice,Purchase,15,100,115
665,2023-12-30,3,Bread,Sale,11,75,64
666,2023-12-30,1,Rice,Sale,17,100,83
667,2023-12-30,4,Eggs,Purchase,14,60,74
668,2024-01-12,3,Bread,Sale,3,75,72
669,2023-12-31,6,Potatos,Sale,11,80,69
670,2023-12-21,7,Redbull,Purchase,5,200,205
671,2024-01-07,4,Eggs,Purchase,16,60,76
672,2024-01-11,1,Rice,Purchase,10,100,110
673,2023-12-18,7,Redbull,Purchase,6,200,206
674,2024-01-03,2,Milk,Sale,17,50,33
675,2024-01-12,6,Potatos,Sale,2,80,78
676,2023-12-22,8,Cadbury,Purchase,16,120,136
677,2023-12-19,2,Milk,Sale,15,50,35
678,2023-12-27,6,Potatos,Sale,3,80,77
679,2023-12-21,6,Potatos,Sale,11,80,69
680,2023-12-22,3,Bread,Sale,7,75,68
681,2024-01-05,7,Redbull,Sale,11,200,189
682,2024-01-09,5,Bananas,Sale,19,40,21
683,2023-12-28,4,Eggs,Sale,12,60,48
684,2024-01-12,6,Potatos,Sale,12,80,68
685,2023-12-14,7,Redbull,Sale,10,200,190
686,2024-01-11,2,Milk,Purchase,8,50,58
687,2024-01-09,8,Cadbury,Purchase,16,120,136
688,2024-01-05,3,Bread,Sale,7,75,68
689,2023-12-18,6,Potatos,Purchase,14,80,94
690,2023-12-30,1,Rice,Purchase,6,100,106
691,2023-12-18,2,Milk,Purchase,11,50,61
692,2024-01-04,6,Potatos,Purchase,15,80,95
693,2024-01-05,4,Eggs,Purchase,15,60,75
694,2024-01-05,2,Milk,Sale,3,50,47
695,2024-01-10,7,Redbull,Purchase,4,200,204
696,2024-01-05,7,Redbull,Purchase,10,200,210
697,2023-12-29,5,Bananas,Purchase,20,40,60
698,2024-01-02,6,Potatos,Sale,17,80,63
699,2023-12-26,6,Potatos,Sale,11,80,69
700,2023-12-14,7,Redbull,Sale,10,200,190
701,2024-01-11,2,Milk,Purchase,1,50,51
702,2023-12-17,5,Bananas,Purchase,17,40,57
703,2023-12-29,2,Milk,Sale,13,50,37
704,2023-12-20,3,Bread,Sale,20,75,55
705,2024-01-10,2,Milk,Purchase,6,50,56
706,2024-01-04,4,Eggs,Purchase,10,60,70
707,2023-12-30,5,Bananas,Sale,19,40,21
708,2024-01-02,3,Bread,Purchase,17,75,92
709,2023-12-23,7,Redbull,Sale,8,200,192
710,2024-01-06,4,Eggs,Sale,2,60,58
711,2023-12-20,6,Potatos,Purchase,4,80,84
712,2023-12-20,6,Potatos,Sale,18,80,62
713,2023-12-15,3,Bread,Purchase,8,75,83
714,2023-12-19,8,Cadbury,Sale,16,120,104
715,2024-01-07,4,Eggs,Sale,14,60,46
716,2023-12-22,2,Milk,Purchase,4,50,54
717,2024-01-01,4,Eggs,Sale,18,60,42
718,2023-12-24,1,Rice,Purchase,14,100,114
719,2024-01-02,8,Cadbury,Sale,11,120,109
720,2024-01-12,7,Redbull,Sale,9,200,191
721,2023-12-26,2,Milk,Sale,6,50,44
722,2024-01-10,3,Bread,Purchase,18,75,93
723,2023-12-27,8,Cadbury,Sale,19,120,101
724,2024-01-06,1,Rice,Purchase,17,100,117
725,2023-12-22,8,Cadbury,Purchase,13,120,133
726,2023-12-28,8,Cadbury,Sale,16,120,104
727,2024-01-02,1,Rice,Purchase,9,100,109
728,2023-12-19,4,Eggs,Sale,11,60,49
729,2023-12-19,1,Rice,Purchase,17,100,117
730,2024-01-12,8,Cadbury,Purchase,17,120,137
731,2024-01-12,4,Eggs,Purchase,1,60,61
732,2024-01-10,3,Bread,Sale,15,75,60
733,2024-01-12,3,Bread,Purchase,20,75,95
734,2023-12-24,5,Bananas,Sale,4,40,36
735,2023-12-28,8,Cadbury,Purchase,8,120,128
736,2023-12-21,5,Bananas,Purchase,5,40,45
737,2024-01-11,8,Cadbury,Sale,5,120,115
738,2023-12-30,7,Redbull,Purchase,5,200,205
739,2024-01-08,5,Bananas,Sale,13,40,27
740,2023-12-19,4,Eggs,Purchase,3,60,63
741,2024-01-10,1,Rice,Sale,16,100,84
742,2023-12-24,6,Potatos,Purchase,1,80,81
743,2024-01-08,8,Cadbury,Purchase,2,120,122
744,2024-01-11,7,Redbull,Purchase,3,200,203
745,2023-12-23,7,Redbull,Sale,17,200,183
746,2024-01-01,7,Redbull,Sale,8,200,192
747,2023-12-16,3,Bread,Sale,3,75,72
748,2023-12-15,6,Potatos,Purchase,13,80,93
749,2023-12-16,8,Cadbury,Purchase,18,120,138
750,2024-01-04,4,Eggs,Purchase,11,60,71
751,2023-12-27,6,Potatos,Purchase,4,80,84
752,2024-01-07,5,Bananas,Purchase,8,40,48
753,2023-12-19,2,Milk,Sale,17,50,33
754,2023-12-29,1,Rice,Sale,11,100,89
755,2024-01-10,1,Rice,Purchase,2,100,102
756,2024-01-10,4,Eggs,Sale,12,60,48
757,2023-12-22,2,Milk,Sale,7,50,43
758,2023-12-22,8,Cadbury,Sale,3,120,117
759,2023-12-30,3,Bread,Purchase,1,75,76
760,2024-01-09,1,Rice,Sale,1,100,99
761,2024-01-07,8,Cadbury,Sale,11,120,109
762,2023-12-20,6,Potatos,Purchase,17,80,97
763,2023-12-24,3,Bread,Sale,4,75,71
764,2023-12-15,8,Cadbury,Sale,14,120,106
765,2024-01-09,4,Eggs,Purchase,9,60,69
766,2024-01-04,6,Potatos,Purchase,13,80,93
767,2023-12-30,4,Eggs,Purchase,6,60,66
768,2023-12-19,4,Eggs,Purchase,6,60,66
769,2023-12-31,1,Rice,Purchase,13,100,113
770,2024-01-02,3,Bread,Purchase,19,75,94
771,2023-12-22,3,Bread,Purchase,11,75,86
772,2024-01-12,6,Potatos,Sale,15,80,65
773,2023-12-19,8,Cadbury,Sale,7,120,113
774,2023-12-23,2,Milk,Purchase,5,50,55
775,2024-01-11,1,Rice,Sale,9,100,91
776,2023-12-29,4,Eggs,Purchase,10,60,70
777,2023-12-23,5,Bananas,Sale,4,40,36
778,2023-12-30,5,Bananas,Purchase,7,40,47
779,2024-01-09,2,Milk,Purchase,14,50,64
780,2024-01-11,4,Eggs,Sale,1,60,59
781,2023-12-31,6,Potatos,Purchase,6,80,86
782,2023-12-14,1,Rice,Sale,7,100,93
783,2024-01-09,1,Rice,Sale,17,100,83
784,2023-12-26,3,Bread,Purchase,20,75,95
785,2023-12-31,5,Bananas,Purchase,5,40,45
786,2024-01-10,2,Milk,Sale,11,50,39
787,2023-12-31,8,Cadbury,Sale,4,120,116
788,2023-12-26,3,Bread,Sale,20,75,55
789,2023-12-15,6,Potatos,Sale,2,80,78
790,2023-12-30,5,Bananas,Sale,10,40,30
791,2023-12-26,1,Rice,Purchase,12,100,112
792,2023-12-19,6,Potatos,Purchase,6,80,86
793,2023-12-20,8,Cadbury,Purchase,18,120,138
794,2024-01-02,1,Rice,Purchase,11,100,111
795,2024-01-04,1,Rice,Sale,15,100,85
796,2023-12-22,1,Rice,Sale,14,100,86
797,2023-12-27,1,Rice,Sale,2,100,98
798,2023-12-30,8,Cadbury,Purchase,12,120,132
799,2023-12-27,8,Cadbury,Purchase,12,120,132
800,2023-12-18,5,Bananas,Sale,15,40,25
